{"tel": {"time": [0.0, 0.086, 0.146, 0.242, 0.386, 0.522, 0.666, 0.762, 0.926, 1.002, 1.106, 1.282, 1.505, 1.522, 1.802, 1.825, 2.042, 2.125, 2.281, 2.545, 2.642, 2.785, 2.841, 2.905, 3.065, 3.162, 3.265, 3.361, 3.565, 3.602, 3.685, 3.802, 3.905, 4.225, 4.242, 4.405, 4.482, 4.625, 4.785, 4.802, 4.986, 5.043, 5.206, 5.402, 5.506, 5.562, 5.886, 5.922, 6.026, 7.042, 7.126, 7.322, 7.486, 7.641, 7.746, 7.882, 7.945, 8.162, 8.325, 8.362, 8.485, 8.725, 8.761, 8.922, 8.965, 9.162, 9.185, 9.322, 9.482, 9.585, 9.722, 9.845, 9.882, 10.045, 10.202, 10.205, 10.445, 10.522], "rpm": [10953.5999744, 10970.8, 10982.8, 11002.0, 11081.2, 11156.0, 11165.6, 11172.0, 10732.616666666667, 10529.0, 10529.371428571429, 10530.0, 10094.220708266666, 10061.0, 9513.0, 9505.7166464, 9437.0, 9493.259442541404, 9599.0, 10315.676027333146, 10579.0, 10490.613054194797, 10456.0, 10354.317736736246, 10100.112078576863, 9946.0, 9749.316523958505, 9566.0, 10108.589355708376, 10207.0, 10295.81006848, 10421.0, 10156.477108363637, 9334.658926545455, 9291.0, 9623.1126304, 9780.0, 9874.7375424, 9980.7375424, 9992.0, 9212.481120791666, 8971.0, 8635.919148226112, 8233.0, 8134.2, 8081.0, 7584.2, 7529.0, 7474.585714285714, 6943.0, 6856.6, 6655.0, 6655.0, 6655.0, 6623.6307161840905, 6583.0, 6610.000027428571, 6703.0, 6841.5500544, 6873.0, 7043.782016355767, 7377.015045611622, 7427.0, 7707.0, 7944.2170197333335, 9031.0, 9056.5875712, 9209.0, 8089.0, 7773.991470933333, 7355.0, 6493.999552, 6235.0, 5093.999552, 3995.0, 3992.2155656, 3769.4655656, 3698.0], "speed": [271.4624976, 273.075, 274.2, 276.0, 278.0571428571429, 280.0, 281.2, 282.0, 282.68333333333334, 283.0, 277.8, 269.0, 260.6374976, 260.0, 244.0, 243.2333312, 236.0, 232.17991439533674, 225.0, 216.9556772442198, 214.0, 208.969848612712, 207.0, 204.6074761584999, 198.62616655474972, 195.0, 191.37688333607773, 188.0, 182.07468722315346, 181.0, 178.09499776, 174.0, 170.25454312727274, 158.61817949090909, 158.0, 150.52916373333332, 147.0, 141.6374976, 135.6374976, 135.0, 130.41908592042117, 129.0, 123.55153086546525, 117.0, 113.75, 112.0, 107.5, 107.0, 106.07142857142857, 97.0, 96.4, 95.0, 93.45768056021456, 92.0, 92.0, 92.0, 92.22500022857143, 93.0, 95.44500096, 96.0, 98.46616630116631, 103.27819560449996, 104.0, 107.0, 107.89583466666667, 112.0, 112.0, 112.0, 111.0, 109.7124992, 108.0, 83.3999872, 76.0, 43.9093624, 13.0, 12.8781224, 3.1281224000000005, 0.0], "gear": [7, 7, 7, 7, 7, 7, 7, 7, 7, 7, 7, 7, 7, 7, 7, 7, 7, 7, 7, 7, 6, 6, 5, 5, 5, 5, 5, 5, 5, 5, 5, 4, 4, 4, 4, 4, 4, 4, 4, 3, 3, 3, 3, 3, 3, 3, 3, 3, 3, 3, 3, 3, 3, 3, 3, 3, 3, 3, 3, 3, 3, 3, 3, 3, 3, 3, 3, 3, 3, 3, 3, 3, 3, 3, 3, 3, 3, 3], "throttle": [100.0, 100.0, 100.0, 100.0, 100.0, 100.0, 99.4, 99.0, 31.349999999999994, 0.0, 0.0, 0.0, 0.0, 0.0, 0.0, 0.0, 0.0, 0.0, 0.0, 0.0, 0.0, 0.0, 0.0, 0.0, 0.0, 0.0, 0.0, 0.0, 0.0, 0.0, 0.0, 0.0, 0.0, 0.0, 0.0, 0.0, 0.0, 0.0, 0.0, 0.0, 0.0, 0.0, 0.0, 0.0, 0.0, 0.0, 0.0, 0.0, 0.0, 0.0, 0.0, 0.0, 1.028212959856961, 2.0, 3.7427379897727446, 6.0, 8.250002285714285, 16.0, 24.96500352, 27.0, 31.624061814686826, 40.64661675843741, 42.0, 42.0, 41.4624992, 39.0, 39.0, 39.0, 0.0, 0.0, 0.0, 0.0, 0.0, 0.0, 0.0, 0.0, 0.0, 0.0], "brake": [0, 0, 0, 0, 0, 0, 0, 0, 0, 1, 1, 1, 1, 1, 1, 1, 1, 1, 1, 1, 1, 1, 1, 1, 1, 1, 1, 1, 1, 1, 1, 1, 1, 1, 1, 1, 1, 1, 1, 1, 1, 1, 1, 1, 1, 1, 1, 1, 1, 0, 0, 0, 0, 0, 0, 0, 0, 0, 0, 0, 0, 0, 0, 0, 0, 0, 0, 0, 0, 0, 1, 1, 1, 1, 1, 1, 1, 1], "drs": [0, 0, 0, 0, 0, 0, 0, 0, 0, 0, 0, 0, 0, 0, 0, 0, 0, 0, 0, 0, 0, 0, 0, 0, 0, 0, 0, 0, 0, 0, 0, 0, 0, 0, 0, 0, 0, 0, 0, 0, 0, 0, 0, 0, 0, 0, 0, 0, 0, 0, 0, 0, 0, 0, 0, 0, 0, 0, 0, 0, 0, 0, 0, 0, 0, 0, 0, 0, 0, 0, 0, 0, 0, 0, 0, 0, 0, 0], "distance": [0.09218473365300373, 6.672111083123698, 11.28027973465807, 18.683333333333337, 29.85708640666329, 40.461111111111116, 51.718597616647074, 59.26111111111111, 72.22019114490573, 78.12777777777778, 86.02885304653276, 99.05, 115.18759526407959, 116.38333333333333, 135.36111111111111, 136.88861127512538, 151.09444444444443, 156.3655808733376, 166.03194444444446, 181.8153653556239, 187.49138888888888, 195.7609809123128, 198.9338888888889, 202.50138918685576, 211.16580101117594, 216.3213888888889, 221.73809746331122, 226.71361111111113, 237.00107142369205, 238.83055555555558, 242.89683027956977, 248.49722222222226, 253.24539909997495, 267.09547374336586, 267.8083333333334, 274.536545365489, 277.6083333333334, 283.08844296878254, 288.98669697388243, 289.6083333333334, 296.2555727363091, 298.2441666666668, 303.6851388881064, 309.9116666666668, 313.16123526983586, 314.88944444444456, 324.54828374638214, 325.58944444444455, 328.56335818418694, 355.76722222222236, 357.99298689045077, 363.1561111111113, 367.3671510117145, 371.3083333333335, 373.9867724653436, 377.4672222222224, 379.084210971025, 384.70055555555575, 389.02472992326227, 390.03388888888907, 393.48068367557073, 400.4997653694905, 401.5605555555557, 406.34583333333353, 407.6578031719041, 413.8125000000002, 414.53103015480764, 418.79027777777793, 423.72361111111127, 426.94413089967315, 430.92361111111126, 433.6969227598362, 434.30138888888905, 435.46565760773626, 435.4569444444446, 435.4568478673486, 435.45641280148914, 435.4569444444446], "rel_distance": [0.00021169655193032993, 0.015322091353109482, 0.025904466282078556, 0.04290512201423153, 0.06856495639254283, 0.09291644473079043, 0.11876856776880568, 0.1360894845452892, 0.16584921211221965, 0.17941562024565505, 0.19755995200923543, 0.22746221242692055, 0.2645212040676852, 0.267267142752345, 0.31084843826248915, 0.3143562481240658, 0.34697906732710515, 0.3590839068437147, 0.38128211425418373, 0.41752776635031896, 0.43056240411572755, 0.4495530118645012, 0.45683939922622774, 0.46503194350294913, 0.4849292305593633, 0.4967687199589191, 0.5092078569241889, 0.5206338169674893, 0.5442583347156346, 0.548459632123344, 0.5577975810891183, 0.5706585355740615, 0.5815624307543542, 0.6133682724571679, 0.6150053105135409, 0.6304562342340009, 0.6375104057359925, 0.6500951393253043, 0.663640115654996, 0.6650676651920555, 0.6803326402665861, 0.6848993235075543, 0.6973941804408413, 0.7116930172328557, 0.7191554509926729, 0.7231241767109262, 0.7453051051015857, 0.7476960663925825, 0.7545254757697518, 0.8169974707283856, 0.8221088019325946, 0.8339655980786467, 0.8436359913387096, 0.8526866733220851, 0.8588375434969244, 0.8668301815780997, 0.8705434964521237, 0.8834410851946711, 0.8933712847766833, 0.8956887560640324, 0.903604107583065, 0.9197229955316192, 0.9221590347304396, 0.9331481298380693, 0.936160987608071, 0.9502948690551752, 0.9519449292137614, 0.9617260285332457, 0.973055124087405, 0.9804508490371371, 0.9895894797610428, 0.9959582188157458, 0.997346337978305, 1.0000200092417926, 1.0, 0.9999997782166588, 0.9999987791147614, 1.0],